{

    "metadata" :
    {
        "formatVersion" : 3.1,
        "sourceFile"    : "card.obj",
        "generatedBy"   : "OBJConverter",
        "vertices"      : 176,
        "faces"         : 18,
        "normals"       : 0,
        "colors"        : 0,
        "uvs"           : 0,
        "materials"     : 1
    },

    "scale" : 1.000000,

    "materials": [	{
	"DbgColor" : 15658734,
	"DbgIndex" : 0,
	"DbgName" : "None",
	"colorAmbient" : [0.0, 0.0, 0.0],
	"colorDiffuse" : [0.8, 0.8, 0.8],
	"colorSpecular" : [0.8, 0.8, 0.8],
	"illumination" : 2,
	"specularCoef" : 0.0,
	"transparency" : 1.0,
	"transparent" : true
	}],

    "vertices": [-1.599956,0.000000,-2.176087,-1.580012,0.000000,-2.248891,-1.543729,0.000000,-2.291251,-1.477080,0.000000,-2.321129,1.477064,0.000000,-2.321129,1.543426,0.000000,-2.291251,1.579417,0.000000,-2.248891,1.599152,0.000000,-2.176087,1.599152,0.000000,2.176087,1.579417,0.000000,2.248849,1.543426,0.000000,2.291151,1.477064,0.000000,2.320972,-1.477080,-0.000000,2.321129,-1.543728,-0.000000,2.291251,-1.580012,-0.000000,2.248891,-1.599956,0.000000,2.176087,-1.599956,0.033066,-2.176087,-1.580012,0.033066,-2.248891,-1.543729,0.033066,-2.291251,-1.477080,0.033066,-2.321129,1.477064,0.033066,-2.321129,1.543426,0.033066,-2.291251,1.579417,0.033066,-2.248891,1.599152,0.033066,-2.176087,1.599152,0.033066,2.176087,1.579417,0.033066,2.248849,1.543426,0.033066,2.291151,1.477064,0.033066,2.320972,-1.477080,0.033066,2.321129,-1.543728,0.033066,2.291251,-1.580012,0.033066,2.248891,-1.599956,0.033066,2.176087,-1.599956,0.000000,0.000000,-1.599956,0.000000,-0.132830,-1.599956,0.000000,-0.301202,-1.599956,0.000000,-0.497100,-1.599956,0.000000,-0.712506,-1.599956,0.000000,-0.939405,-1.599956,0.000000,-1.169779,-1.599956,0.000000,-1.395612,-1.599956,0.000000,-1.608888,-1.599956,0.000000,-1.801590,-1.599956,0.000000,-1.965701,-1.599956,0.000000,-2.093206,-1.599956,0.000000,-2.176087,-1.598611,0.000000,-2.195436,-1.594706,0.000000,-2.214153,-1.588441,0.000000,-2.232038,-1.580012,0.000000,-2.248891,-1.569619,0.000000,-2.264511,-1.557458,0.000000,-2.278697,-1.543729,0.000000,-2.291251,-1.528628,0.000000,-2.301971,-1.512354,0.000000,-2.310658,-1.495106,0.000000,-2.317111,-1.477080,0.000000,-2.321129,-1.458476,0.000000,-2.322513,-1.380961,0.000000,-2.322513,-1.289999,0.000000,-2.322513,-1.187224,0.000000,-2.322513,-1.074267,0.000000,-2.322513,-0.952761,0.000000,-2.322513,-0.824340,0.000000,-2.322513,-0.690635,0.000000,-2.322513,-0.553279,0.000000,-2.322513,-0.413905,0.000000,-2.322513,-0.274145,0.000000,-2.322513,-0.135633,0.000000,-2.322513,0.000000,0.000000,-2.322513,0.079482,0.000000,-2.322513,0.181334,0.000000,-2.322513,0.301139,0.000000,-2.322513,0.434480,0.000000,-2.322513,0.576941,0.000000,-2.322513,0.724103,0.000000,-2.322513,0.871551,0.000000,-2.322513,1.014867,0.000000,-2.322513,1.149635,0.000000,-2.322513,1.271437,0.000000,-2.322513,1.375856,0.000000,-2.322513,1.458476,0.000000,-2.322513,1.477064,0.000000,-2.321129,1.495046,0.000000,-2.317111,1.512229,0.000000,-2.310658,1.528419,0.000000,-2.301971,1.543426,0.000000,-2.291251,1.557056,0.000000,-2.278697,1.569117,0.000000,-2.264511,1.579417,0.000000,-2.248891,1.587762,0.000000,-2.232038,1.593962,0.000000,-2.214153,1.597823,0.000000,-2.195436,1.599152,0.000000,-2.176087,1.599152,0.000000,-2.037426,1.599152,0.000000,-1.873904,1.599152,0.000000,-1.690650,1.599152,0.000000,-1.492796,1.599152,0.000000,-1.285472,1.599152,0.000000,-1.073808,1.599152,0.000000,-0.862934,1.599152,0.000000,-0.657982,1.599152,0.000000,-0.464083,1.599152,0.000000,-0.286365,1.599152,0.000000,-0.129961,1.599152,0.000000,0.000000,1.599152,0.000000,0.101117,1.599152,0.000000,0.239550,1.599152,0.000000,0.408480,1.599152,0.000000,0.601088,1.599152,0.000000,0.810556,1.599152,0.000000,1.030063,1.599152,0.000000,1.252791,1.599152,0.000000,1.471922,1.599152,0.000000,1.680636,1.599152,0.000000,1.872114,1.599152,0.000000,2.039537,1.599152,0.000000,2.176087,1.597823,0.000000,2.195433,1.593962,0.000000,2.214141,1.587762,0.000000,2.232013,1.579417,0.000000,2.248849,1.569117,0.000000,2.264450,1.557056,0.000000,2.278617,1.543426,0.000000,2.291151,1.528419,0.000000,2.301853,1.512229,0.000000,2.310523,1.495046,0.000000,2.316962,1.477064,0.000000,2.320972,1.458476,0.000000,2.322353,1.379177,0.000000,2.322350,1.283514,0.000000,2.322344,1.174091,0.000000,2.322334,1.053514,0.000000,2.322324,0.924389,0.000000,2.322313,0.789320,0.000000,2.322304,0.650913,0.000000,2.322297,0.511774,0.000000,2.322295,0.374508,0.000000,2.322298,0.241720,0.000000,2.322308,0.116015,0.000000,2.322325,0.000000,0.000000,2.322353,-0.135633,-0.000000,2.322389,-0.274146,-0.000000,2.322419,-0.413905,-0.000000,2.322444,-0.553279,-0.000000,2.322464,-0.690635,-0.000000,2.322480,-0.824340,-0.000000,2.322492,-0.952761,-0.000000,2.322501,-1.074267,-0.000000,2.322506,-1.187224,-0.000000,2.322510,-1.289999,-0.000000,2.322512,-1.380961,-0.000000,2.322513,-1.458476,-0.000000,2.322513,-1.477080,-0.000000,2.321129,-1.495106,-0.000000,2.317111,-1.512354,-0.000000,2.310658,-1.528628,-0.000000,2.301971,-1.543728,-0.000000,2.291251,-1.557458,-0.000000,2.278697,-1.569619,-0.000000,2.264511,-1.580012,-0.000000,2.248891,-1.588441,-0.000000,2.232038,-1.594706,-0.000000,2.214153,-1.598611,-0.000000,2.195436,-1.599956,0.000000,2.176087,-1.599956,0.000000,2.016881,-1.599956,0.000000,1.839545,-1.599956,0.000000,1.648310,-1.599956,0.000000,1.447408,-1.599956,0.000000,1.241071,-1.599956,0.000000,1.033530,-1.599956,0.000000,0.829018,-1.599956,0.000000,0.631766,-1.599956,0.000000,0.446007,-1.599956,0.000000,0.275971,-1.599956,0.000000,0.125892],

    "morphTargets": [],

    "morphColors": [],

    "normals": [],

    "colors": [],

    "uvs": [[]],

    "faces": [3,7,23,24,8,0,3,15,31,16,0,0,3,2,18,19,3,0,3,11,27,28,12,0,3,0,16,17,1,0,3,5,4,20,21,0,3,3,4,5,6,0,3,3,19,20,4,0,3,22,21,20,19,0,3,13,12,28,29,0,3,30,14,13,29,0,3,31,15,14,30,0,3,24,25,9,8,0,3,2,1,17,18,0,3,7,6,22,23,0,3,26,10,9,25,0,3,11,10,26,27,0,3,6,5,21,22,0]

}
