{
    "faces": [41,7,23,24,8,0,1,2,3,0,1,2,3,41,16,0,15,31,2,3,0,1,4,5,6,7,41,2,18,19,3,0,1,2,3,8,9,10,11,41,11,27,28,12,0,1,2,3,12,13,14,15,41,0,16,17,1,0,1,2,3,5,4,16,17,41,5,4,20,21,0,1,2,3,18,19,20,21,40,3,1,2,4,18,19,11,17,8,40,15,0,1,16,17,18,6,5,17,40,13,14,15,14,15,16,22,23,6,40,11,12,13,12,13,14,12,15,22,40,9,10,11,10,11,12,24,25,12,40,7,8,9,8,9,10,0,3,24,40,5,6,7,6,7,8,18,26,0,40,3,4,5,4,5,6,11,19,18,40,3,15,1,4,16,18,11,6,17,40,11,13,15,12,14,16,12,22,6,40,7,9,11,8,10,12,0,24,12,40,3,5,7,4,6,8,11,18,0,40,3,11,15,4,12,16,11,12,6,40,3,7,11,4,8,12,11,0,12,41,3,19,20,4,0,1,2,3,11,10,20,19,40,22,24,23,20,34,35,27,2,1,40,26,25,24,32,33,34,28,29,2,40,28,27,26,30,31,32,14,13,28,40,30,29,28,28,29,30,30,31,14,40,16,31,30,26,27,28,4,7,30,40,18,17,16,24,25,26,9,16,4,40,20,19,18,22,23,24,20,10,9,40,22,21,20,20,21,22,27,21,20,40,22,26,24,20,32,34,27,28,2,40,30,28,26,28,30,32,30,14,28,40,18,16,30,24,26,28,9,4,30,40,22,20,18,20,22,24,27,20,9,40,22,30,26,20,28,32,27,30,28,40,22,18,30,20,24,28,27,9,30,41,13,12,28,29,0,1,2,3,22,15,14,31,41,30,14,13,29,0,1,2,3,30,23,22,31,41,31,15,14,30,0,1,2,3,7,6,23,30,41,24,25,9,8,0,1,2,3,2,29,24,3,41,2,1,17,18,0,1,2,3,8,17,16,9,41,7,6,22,23,0,1,2,3,0,26,27,1,41,26,10,9,25,0,1,2,3,28,25,24,29,41,11,10,26,27,0,1,2,3,12,25,28,13,41,6,5,21,22,0,1,2,3,26,18,21,27],
    "uvs": [[-0.6776679754257202,-0.5375910401344299,1.4856679439544678,-0.5375910401344299,1.4856679439544678,1.6257452964782715,-0.6776679754257202,1.6257452964782715,0.040698498487472534,0.002784710843116045,0.9595465064048767,0.002784710843116045,0.9801872968673706,0.009184944443404675,0.9913816452026367,0.01825905218720436,0.9975203275680542,0.03385457396507263,0.9975203275680542,0.9661452770233154,0.9913816452026367,0.9817321300506592,0.9801872968673706,0.990793764591217,0.9595465064048767,0.9971814155578613,0.040698498487472534,0.997215211391449,0.019968509674072266,0.9908150434494019,0.008682966232299805,0.9817410111427307,0.0024795830249786377,0.9661452770233154,0.0024795830249786377,0.03385457396507263,0.008682966232299805,0.01825905218720436,0.019968509674072266,0.009184944443404675,0.9926764965057373,0.9830104112625122,0.9814527034759521,0.9921084046363831,0.9607574939727783,0.9985256195068359,0.03948822617530823,0.9985256195068359,0.018703579902648926,0.9921084046363831,0.00738835334777832,0.9830104112625122,0.0011686384677886963,0.9673736691474915,0.0011686384677886963,0.032626233994960785,0.00738835334777832,0.016989581286907196,0.018703579902648926,0.00789158046245575,0.03948822617530823,0.0014743938809260726,0.9607574939727783,0.0015081780729815364,0.9814527034759521,0.00791305024176836,0.9926764965057373,0.0169985294342041,0.9988312721252441,0.032626233994960785,0.9988312721252441,0.9673736691474915]],
    "normals": [0.7280800938606262,-0.6785485148429871,-0.09692678600549698,0.7280800938606262,0.6785485148429871,-0.09692678600549698,0.7281106114387512,0.6785485148429871,0.09698782116174698,0.7281106114387512,-0.6785485148429871,0.09698782116174698,-0.7282021641731262,0.6782738566398621,-0.09793389588594437,-0.7282021641731262,-0.6782738566398621,-0.09793389588594437,-0.7282021641731262,-0.6782738566398621,0.09793389588594437,-0.7282021641731262,0.6782738566398621,0.09793389588594437,-0.44929349422454834,-0.6610003709793091,-0.6009705066680908,-0.44929349422454834,0.6610003709793091,-0.6009705066680908,-0.15659047663211823,0.6628925204277039,-0.7321085333824158,-0.15659047663211823,-0.6628925204277039,-0.7321085333824158,0.15695668756961823,-0.6628314852714539,0.7321085333824158,0.15695668756961823,0.6628314852714539,0.7321085333824158,-0.15655995905399323,0.6628925204277039,0.7321390509605408,-0.15655995905399323,-0.6628925204277039,0.7321390509605408,-0.6628009676933289,0.6610308885574341,-0.35169529914855957,-0.6628009676933289,-0.6610308885574341,-0.35169529914855957,0.4510940909385681,-0.6607867479324341,-0.599871814250946,0.15720084309577942,-0.6627399325370789,-0.7321390509605408,0.15720084309577942,0.6627399325370789,-0.7321390509605408,0.4510940909385681,0.6607867479324341,-0.599871814250946,-0.44929349422454834,-0.6610003709793091,0.6009705066680908,-0.6628009676933289,-0.6610308885574341,0.35169529914855957,0.6637775897979736,-0.6610919237136841,0.3497115969657898,0.4506668150424957,-0.6607867479324341,0.600176990032196,0.6638691425323486,-0.6611529588699341,-0.3494064211845398,0.6638691425323486,0.6611529588699341,-0.3494064211845398,0.4506668150424957,0.6607867479324341,0.600176990032196,0.6637775897979736,0.6610919237136841,0.3497115969657898,-0.6628009676933289,0.6610308885574341,0.35169529914855957,-0.44929349422454834,0.6610003709793091,0.6009705066680908],
    "metadata": {
        "faces": 44,
        "type": "Geometry",
        "normals": 32,
        "generator": "io_three",
        "version": 3,
        "vertices": 32,
        "uvs": 1
    },
    "vertices": [-4.799868583679199,-2.8535930596262915e-07,-6.528260231018066,-4.7400360107421875,-2.9490641395568673e-07,-6.746672630310059,-4.631185531616211,-3.0046129495531204e-07,-6.873753547668457,-4.431241035461426,-3.043793128654215e-07,-6.963387489318848,4.4311933517456055,-3.043793128654215e-07,-6.963387489318848,4.63027811050415,-3.0046129495531204e-07,-6.873753547668457,4.738249778747559,-2.9490641395568673e-07,-6.746672630310059,4.797456741333008,-2.8535930596262915e-07,-6.528260231018066,4.797456741333008,2.8535930596262915e-07,6.528260231018066,4.738249778747559,2.949009569874761e-07,6.746547698974609,4.63027811050415,3.004481641255552e-07,6.873453140258789,4.4311933517456055,3.043587071260845e-07,6.962915897369385,-4.431240558624268,2.766225293271418e-07,6.963387489318848,-4.631185531616211,2.827979130870517e-07,6.873753547668457,-4.7400360107421875,2.8756579695254914e-07,6.746672630310059,-4.799868583679199,2.8535930596262915e-07,6.528260231018066,-4.799868583679199,0.09919919818639755,-6.528260231018066,-4.7400360107421875,0.09919919818639755,-6.746672630310059,-4.631185531616211,0.09919919073581696,-6.873753547668457,-4.431241035461426,0.09919919073581696,-6.963387489318848,4.4311933517456055,0.09919919073581696,-6.963387489318848,4.63027811050415,0.09919919073581696,-6.873753547668457,4.738249778747559,0.09919919818639755,-6.746672630310059,4.797456741333008,0.09919919818639755,-6.528260231018066,4.797456741333008,0.09919977933168411,6.528260231018066,4.738249778747559,0.09919977933168411,6.746547698974609,4.63027811050415,0.09919978678226471,6.873453140258789,4.4311933517456055,0.09919978678226471,6.962915897369385,-4.431240558624268,0.09919975697994232,6.963387489318848,-4.631185531616211,0.09919977188110352,6.873753547668457,-4.7400360107421875,0.09919977188110352,6.746672630310059,-4.799868583679199,0.09919977933168411,6.528260231018066],
    "name": "Mesh.002Geometry.3"
}